,District,State,Latitude,Longitude,Crop,eff
0,NICOBARS,Andaman and Nicobar,7.835290749774195,93.5116012375786,Coconut ,3734.411082521997
1,ADILABAD,Andhra Pradesh,19.284513950073435,78.81321233480176,Sugarcane,82.3852140077821
2,ANANTAPUR,Andhra Pradesh,14.312065561843148,77.4601584478577,Coconut ,6257.1699442324625
3,CHITTOOR,Andhra Pradesh,13.33109263067696,78.92763898886037,Coconut ,6263.421153347818
4,EAST GODAVARI,Andhra Pradesh,16.782718320784902,82.2432074720511,Coconut ,12826.975634205484
5,GUNTUR,Andhra Pradesh,15.884925767634847,80.58657614107885,Coconut ,11945.257973733584
6,HYDERABAD,Andhra Pradesh,17.38971555555556,78.46668888888888,Dry chillies,2.066666666666667
7,KARIMNAGAR,Andhra Pradesh,18.515483193277312,79.43765428571413,Sugarcane,78.66921110430994
8,KHAMMAM,Andhra Pradesh,17.683921325051784,80.67008643892335,Coconut ,9940.608229156413
9,KRISHNA,Andhra Pradesh,16.143872753151673,81.14805061000413,Coconut ,13000.456938996913
10,KURNOOL,Andhra Pradesh,15.43759715142429,77.90086836581717,Coconut ,5451.227642276423
11,MAHBUBNAGAR,Andhra Pradesh,16.639546224256293,77.98933089244859,Coconut ,11063.5
12,MEDAK,Andhra Pradesh,17.889304978038055,78.13778901903379,Coconut ,10591.0
13,NALGONDA,Andhra Pradesh,17.113250515463907,79.16984453608244,Coconut ,10874.143617021276
14,SPSR NELLORE,Andhra Pradesh,13.894344071421887,80.14702671812498,Coconut ,12854.28303823454
15,NIZAMABAD,Andhra Pradesh,18.429485849056604,78.07523490566035,Coconut ,10520.08695652174
16,PRAKASAM,Andhra Pradesh,15.489039001601704,80.11665790176184,Coconut ,11707.923228346457
17,RANGAREDDI,Andhra Pradesh,17.245235872576178,78.05756828254849,Coconut ,10615.009433962265
18,SRIKAKULAM,Andhra Pradesh,18.570900998697432,84.25874814010675,Coconut ,11635.597601057905
19,VISAKHAPATANAM,Andhra Pradesh,17.6468390339893,83.01014035778171,Coconut ,10611.572377741415
20,VIZIANAGARAM,Andhra Pradesh,18.28329696032972,83.45982854198873,Coconut ,11621.914860681114
21,WARANGAL,Andhra Pradesh,18.01752608695651,79.87422028985509,Papaya,97.02409638554217
22,WEST GODAVARI,Andhra Pradesh,16.63297943925236,81.45912990654196,Coconut ,14905.128930639119
23,CHANGLANG,Arunachal Pradesh,27.36048479338845,96.37552644628106,Sugarcane,11.946446446446446
24,EAST KAMENG,Arunachal Pradesh,27.371194055944056,93.04741486013997,Sugarcane,12.764285714285714
25,EAST SIANG,Arunachal Pradesh,28.15382352941176,95.06499226006191,Sugarcane,38.09473684210526
26,KURUNG KUMEY,Arunachal Pradesh,28.04853351800553,93.24531994459834,Sugarcane,21.551111111111112
27,LOHIT,Arunachal Pradesh,27.946785273972623,96.59670770547945,Potato,8.998943568976141
28,LOWER DIBANG VALLEY,Arunachal Pradesh,28.32651730103806,95.76567335640142,Sugarcane,11.104410441044104
29,LOWER SUBANSIRI,Arunachal Pradesh,27.70849297297297,93.96226108108112,Sugarcane,19.02141802067947
30,PAPUM PARE,Arunachal Pradesh,27.273529716981127,93.54468183962264,Sugarcane,17.489249339871748
31,TAWANG,Arunachal Pradesh,27.680683962264148,91.82504245283016,Potato,6.506749418153608
32,TIRAP,Arunachal Pradesh,26.94406229508198,95.41470327868862,Sugarcane,13.736434108527131
33,DIBANG VALLEY,Arunachal Pradesh,29.01994783653848,95.98776394230764,Sugarcane,18.746341463414634
34,UPPER SIANG,Arunachal Pradesh,28.8309244897959,95.00155765306124,Sugarcane,13.216774193548387
35,UPPER SUBANSIRI,Arunachal Pradesh,28.277196566523585,93.8991435622318,Sugarcane,21.641160949868073
36,WEST KAMENG,Arunachal Pradesh,27.46486582278483,92.65015750452083,Potato,7.911908396946565
37,WEST SIANG,Arunachal Pradesh,28.106296920289843,94.53510344202908,Sugarcane,25.728330424665504
38,BARPETA,Assam,26.427872264631056,90.97912010178116,Coconut ,5095.41688764829
39,BONGAIGAON,Assam,26.45012521994133,90.6734296187684,Coconut ,5145.30648769575
40,CACHAR,Assam,24.815570668693017,92.86849650455927,Coconut ,2382.5530299245643
41,DARRANG,Assam,26.58463215962442,92.04141338028155,Coconut ,4895.748008812066
42,DHEMAJI,Assam,27.586533438485816,94.71336908517353,Coconut ,3743.0422059651096
43,DHUBRI,Assam,26.04506148445337,89.98500822467393,Coconut ,5337.950473783954
44,DIBRUGARH,Assam,27.30612284482757,95.0998282327587,Coconut ,3158.828334396937
45,GOALPARA,Assam,26.017277777777807,90.59869891598912,Coconut ,6793.0890376357665
46,GOLAGHAT,Assam,26.377219709794485,93.82583397823468,Coconut ,11424.328311773375
47,HAILAKANDI,Assam,24.457496089385486,92.59154664804475,Coconut ,2572.3810967208597
48,JORHAT,Assam,26.76244824016563,94.30197722567289,Coconut ,5714.073164459303
49,KAMRUP,Assam,26.170939452054807,91.58863273972592,Coconut ,8407.82310984308
50,KARBI ANGLONG,Assam,26.08966454598031,93.11536570271832,Coconut ,4023.4017107309487
51,KARIMGANJ,Assam,24.69660712250711,92.3679498575498,Coconut ,3923.047475424486
52,KOKRAJHAR,Assam,26.497246635730868,90.13997470997688,Coconut ,5132.4563435495365
53,LAKHIMPUR,Assam,27.14128805970149,94.0775949253732,Coconut ,6709.5437017994855
54,MARIGAON,Assam,26.24650046728974,92.21949953271024,Coconut ,5088.52857803112
55,NAGAON,Assam,26.26462170626351,92.9306191144708,Coconut ,7786.282986623581
56,NALBARI,Assam,26.46323767605632,91.40598521126763,Coconut ,4732.045838010065
57,NORTH GARO HILLS,Assam,25.338299853157107,92.97740205580035,Banana,12.39067922657412
58,SIVASAGAR,Assam,27.02762869565218,94.90025847826082,Coconut ,6039.801551464629
59,SONITPUR,Assam,26.73514926829268,92.85197804878044,Coconut ,6697.865074496056
60,TINSUKIA,Assam,27.53549291139241,95.69055949367085,Coconut ,3638.9195298372515
61,ARARIA,Bihar,26.211528119180603,87.30766554934816,Sugarcane,40.5005980861244
62,AURANGABAD,Bihar,24.774291867469877,84.45986024096379,Sugarcane,67.34188210449904
63,BANKA,Bihar,24.832355642023337,86.8664916342413,Sugarcane,54.90627288259702
64,BEGUSARAI,Bihar,25.54302613168723,86.12560144032932,Sugarcane,55.870848044617354
65,BHAGALPUR,Bihar,25.277192885375477,87.04213814229242,Sugarcane,58.94970798852591
66,BHOJPUR,Bihar,25.50666439393939,84.49407803030304,Sugarcane,42.73104294478527
67,BUXAR,Bihar,25.48593018867924,84.08808081760995,Sugarcane,43.96093527231252
68,DARBHANGA,Bihar,26.146187719298258,85.97387352472099,Sugarcane,37.92683422532349
69,GAYA,Bihar,24.7266541547278,84.94291217765044,Sugarcane,40.90090277777778
70,GOPALGANJ,Bihar,26.44874364161851,84.34636127167629,Sugarcane,43.992126030711134
71,JAMUI,Bihar,24.78418380462726,86.26316298200514,Sugarcane,49.58534977874023
72,JEHANABAD,Bihar,25.155679045643165,84.9208124481328,Sugarcane,42.978764949963384
73,KATIHAR,Bihar,25.56565356037151,87.70466083591326,Sugarcane,48.05288461538461
74,KHAGARIA,Bihar,25.53558891454964,86.56593256351037,Sugarcane,52.4015401540154
75,KISHANGANJ,Bihar,26.324336758321294,87.95045007235886,Sugarcane,49.21322314049587
76,LAKHISARAI,Bihar,25.183449321266963,86.12825701357468,Sugarcane,84.21666666666667
77,MADHEPURA,Bihar,25.77341929460581,86.8978443983403,Sugarcane,52.008456802652056
78,MADHUBANI,Bihar,26.41380538172716,86.16328360450552,Sugarcane,30.530432770192085
79,MUNGER,Bihar,25.198537962962963,86.54173672839504,Sugarcane,61.70134638922889
80,MUZAFFARPUR,Bihar,26.18664417177915,85.32745092024543,Sugarcane,48.89300206212998
81,NALANDA,Bihar,25.229345508982053,85.48053113772461,Sugarcane,42.244897959183675
82,NAWADA,Bihar,24.825708836206903,85.61594568965519,Sugarcane,43.011511325659114
83,PASHCHIM CHAMPARAN,Bihar,27.16064352201258,84.30265911949685,Sugarcane,48.24435723064037
84,PATNA,Bihar,25.40297114503818,85.3198433587787,Sugarcane,37.10952717007763
85,PURBI CHAMPARAN,Bihar,26.68129336734693,85.00382155612242,Sugarcane,46.40459710683103
86,PURNIA,Bihar,25.81714801901739,87.40447606973065,Sugarcane,44.26013143483023
87,ROHTAS,Bihar,24.99170460829495,83.9350762672811,Sugarcane,33.1899200983405
88,SAHARSA,Bihar,25.821270696721303,86.54670819672135,Sugarcane,47.46190476190476
89,SAMASTIPUR,Bihar,25.793205563909765,85.94833323308269,Sugarcane,37.815895842219646
90,SARAN,Bihar,25.89656077844312,84.82266287425155,Sugarcane,42.01813198397639
91,SHEIKHPURA,Bihar,25.12472436548223,85.77839390862943,Sugarcane,54.880228974020255
92,SHEOHAR,Bihar,26.458380748663107,85.29539411764709,Sugarcane,49.79115479115479
93,SITAMARHI,Bihar,26.56570069686413,85.61172491289203,Sugarcane,53.4609838878395
94,SIWAN,Bihar,26.1736372013652,84.33766552901022,Sugarcane,41.00780795275479
95,SUPAUL,Bihar,26.28157893772896,86.78496465201461,Sugarcane,41.3580375782881
96,VAISHALI,Bihar,25.8134703180212,85.39247597173153,Sugarcane,47.1513778784447
97,CHANDIGARH,Chandigarh,30.7426,76.75872465753424,Potato,23.662092624356774
98,BASTAR,Chhattisgarh,19.393866751269048,81.52895126903546,Papaya,45.583333333333336
99,BILASPUR,Chhattisgarh,22.356942982456143,81.99770350877188,Banana,40.12765957446808
100,DANTEWADA,Chhattisgarh,18.653854086538463,81.07200120192313,Banana,40.05604395604396
101,DHAMTARI,Chhattisgarh,20.554912627291245,81.7569195519348,Banana,46.93830334190231
102,DURG,Chhattisgarh,21.194463849287164,81.33181639511197,Papaya,43.62809917355372
103,JANJGIR-CHAMPA,Chhattisgarh,21.961093750000025,82.80495408653843,Banana,29.390070921985817
104,JASHPUR,Chhattisgarh,22.77286167664669,83.8703962075848,Papaya,35.666666666666664
105,KANKER,Chhattisgarh,20.139461285008245,81.06913080724874,Banana,41.5819209039548
106,KABIRDHAM,Chhattisgarh,22.048000792079208,81.16271188118817,Banana,34.669172932330824
107,KORBA,Chhattisgarh,22.491712499999995,82.57604326923074,Banana,30.27027027027027
108,KOREA,Chhattisgarh,23.50412776859501,82.12515636363635,Banana,31.333333333333332
109,MAHASAMUND,Chhattisgarh,21.223727037773354,82.65925427435384,Banana,39.644067796610166
110,RAIGARH,Chhattisgarh,22.008265068493166,83.27797698630134,Banana,28.755020080321284
111,RAIPUR,Chhattisgarh,20.88603153846152,82.20032759615388,Banana,42.091275167785234
112,RAJNANDGAON,Chhattisgarh,21.058414734950603,80.78526693620836,Papaya,46.0
113,SURGUJA,Chhattisgarh,23.32719278728607,83.23582493887531,Banana,29.08219178082192
114,DADRA AND NAGAR HAVELI,Dadra and Nagar Haveli,20.215132170542628,73.09454961240311,Sugarcane,77.19943276148312
115,RAMBAN,Daman and Diu,20.431616666666677,72.8392366071429,Maize,0.9226255224136944
116,JUNAGADH,Daman and Diu,20.72568199498111,70.83985639899612,Sugarcane,83.0
117,NORTH GOA,Goa,15.548723418714054,73.80667997909038,Coconut ,3283.9614769157824
118,SOUTH GOA,Goa,15.195278658183785,73.941792596877,Coconut ,3290.9472927311203
119,AHMADABAD,Gujarat,22.605425564971743,72.23898135593227,Sugarcane,67.77777777777777
120,AMRELI,Gujarat,21.04832649310872,71.43457637825426,Banana,77.0
121,ANAND,Gujarat,22.282718206229863,72.57782051557454,Banana,73.11679644048944
122,BANAS KANTHA,Gujarat,24.258538965517253,71.93205252873561,Sugarcane,50.0
123,BHARUCH,Gujarat,21.75787276237761,72.67326346710801,Banana,65.19861660079052
124,BHAVNAGAR,Gujarat,21.70219390341736,72.16272632761141,Sugarcane,65.0952380952381
125,GANDHINAGAR,Gujarat,23.193679790026252,72.67221679790026,Banana,53.19266055045872
126,JAMNAGAR,Gujarat,22.410600414263328,69.62062005768233,Sugarcane,71.66666666666667
127,KACHCHH,Gujarat,23.48057203301311,68.82192301497916,Banana,68.86363636363636
128,KHEDA,Gujarat,22.88765312500002,73.018803515625,Sugarcane,71.9375
129,MAHESANA,Gujarat,23.529355452865065,72.45545194085031,Onion,26.657894736842106
130,NARMADA,Gujarat,21.70666386292833,73.68403208722742,Banana,67.65570175438596
131,NAVSARI,Gujarat,20.866973318871995,72.86184869848157,Banana,66.54545454545455
132,PANCH MAHALS,Gujarat,22.80435606837605,73.61984598290586,Sugarcane,63.0
133,PATAN,Gujarat,23.80634198473284,71.75162977099237,Potato,22.685714285714287
134,PORBANDAR,Gujarat,21.55092351651571,69.71896987722886,Onion,28.11764705882353
135,RAJKOT,Gujarat,22.40603377715488,70.83679439383323,Sugarcane,75.17241379310344
136,SABAR KANTHA,Gujarat,23.71803594548552,73.13638790459964,Sugarcane,69.58333333333333
137,SURAT,Gujarat,21.25761372772093,72.93488716344339,Sugarcane,71.04847871323322
138,SURENDRANAGAR,Gujarat,22.82672007299272,71.48358740875906,Sugarcane,69.51219512195122
139,VADODARA,Gujarat,22.26133739279589,73.49433010291594,Banana,69.33399602385686
140,VALSAD,Gujarat,20.44238231644259,72.9148584798345,Sugarcane,62.07856234096692
141,AMBALA,Haryana,30.3503672316384,76.94970310734456,Sugarcane,56.25557669519731
142,BHIWANI,Haryana,28.728868064516128,76.02110225806452,Sugarcane,49.6091515729266
143,FARIDABAD,Haryana,28.14873109756098,77.32718536585368,Sugarcane,49.00174452413258
144,FATEHABAD,Haryana,29.57298318584072,75.54608716814157,Sugarcane,57.85762580894427
145,GURGAON,Haryana,28.043894789579163,77.01935130260523,Sugarcane,41.03405826836274
146,HISAR,Haryana,29.23628731117825,75.84324682779452,Sugarcane,51.43141838807343
147,JHAJJAR,Haryana,28.59651868131869,76.61137142857145,Sugarcane,47.84541460030321
148,JIND,Haryana,29.45149821958457,76.29598575667653,Sugarcane,54.76860713883572
149,KAITHAL,Haryana,29.96068539094649,76.37698930041155,Sugarcane,54.780913137853645
150,KARNAL,Haryana,29.703200647249204,76.87488025889972,Sugarcane,59.18513057762969
151,KURUKSHETRA,Haryana,30.05652659846548,76.78774680306903,Sugarcane,62.68793871321405
152,MAHENDRAGARH,Haryana,28.1352161458333,76.14018072916659,Sweet potato,20.0
153,PANCHKULA,Haryana,30.700897142857134,76.97173238095236,Sugarcane,57.13137806347931
154,PANIPAT,Haryana,29.34352134146342,76.92895914634147,Sugarcane,59.402522959770714
155,REWARI,Haryana,28.19164714828897,76.55956007604564,Onion,16.44736842105263
156,ROHTAK,Haryana,28.892517647058817,76.53123235294117,Sugarcane,49.323607008839886
157,SIRSA,Haryana,29.63583446327684,74.90970480225988,Sugarcane,49.92554961898923
158,SONIPAT,Haryana,29.05805707964603,76.85587079646017,Sugarcane,55.4497901039571
159,YAMUNANAGAR,Haryana,30.26466182572615,77.31652821576763,Sugarcane,53.28012036027303
160,CHAMBA,Himachal Pradesh,32.66741814595661,76.39354063116366,Potato,9.787649566772108
161,HAMIRPUR,Himachal Pradesh,31.67668481012659,76.49767088607594,Sugarcane,42.28486890339699
162,KANGRA,Himachal Pradesh,32.14093603238864,76.41205910931173,Potato,8.384665750016369
163,KINNAUR,Himachal Pradesh,31.60667184065933,78.51613736263741,Potato,7.1782352941176475
164,KULLU,Himachal Pradesh,31.90911922077925,77.40922649350647,Potato,8.025427193197613
165,LAHUL AND SPITI,Himachal Pradesh,32.51717030651338,77.62470977011492,Potato,17.976633165829146
166,MANDI,Himachal Pradesh,31.635805940594054,76.96556930693067,Potato,10.052327754474854
167,SHIMLA,Himachal Pradesh,31.155725451807253,77.62573042168668,Sugarcane,12.5
168,SIRMAUR,Himachal Pradesh,30.682764453961443,77.43184689507493,Sugarcane,14.104484304932736
169,SOLAN,Himachal Pradesh,31.03864311926604,76.94442140672783,Onion,8.971563981042655
170,UNA,Himachal Pradesh,31.58330388349513,76.18353932038836,Sugarcane,13.757682797598022
171,BADGAM,Jammu and Kashmir,33.93258113207548,74.79798113207546,Potato,11.174120603015076
172,DODA,Jammu and Kashmir,33.359614675767915,76.07163720136518,Potato,5.536842105263157
173,JAMMU,Jammu and Kashmir,32.713199095022645,74.8477520361991,Potato,13.203425229741018
174,KARGIL,Jammu and Kashmir,33.565994894894914,76.63675315315312,Potato,9.348235294117647
175,KATHUA,Jammu and Kashmir,32.51781678321678,75.58901398601404,Potato,5.8999999999999995
176,PULWAMA,Jammu and Kashmir,33.88414418604652,75.00921860465118,Potato,11.871907756813416
177,POONCH,Jammu and Kashmir,33.791241290322574,74.29593161290322,Potato,8.898591549295775
178,RAJAURI,Jammu and Kashmir,33.27232198581561,74.40776879432627,Potato,5.882352941176471
179,SRINAGAR,Jammu and Kashmir,34.27312898550724,75.11021159420288,Potato,9.996710075394105
180,UDHAMPUR,Jammu and Kashmir,33.04770670731707,75.15286951219511,Potato,7.589749798224375
181,BOKARO,Jharkhand,23.6814965034965,85.98398374125864,Potato,15.555417795648882
182,CHATRA,Jharkhand,24.11619945750453,84.93295804701627,Sugarcane,43.3257431226537
183,DEOGHAR,Jharkhand,24.33070100755672,86.75697632241814,Potato,7.894464032599142
184,DHANBAD,Jharkhand,23.854509090909097,86.40372924901185,Potato,7.375827165014517
185,DUMKA,Jharkhand,24.275006125574265,87.27662450229711,Onion,6.715304798962387
186,GARHWA,Jharkhand,24.082114689265527,83.68664265536722,Sugarcane,41.97530864197531
187,GIRIDIH,Jharkhand,24.30578509874329,86.08710915619386,Onion,12.036412688896334
188,GODDA,Jharkhand,24.8189,87.2941735483871,Sugarcane,43.351131451817956
189,GUMLA,Jharkhand,23.078532948929148,84.55056787479396,Onion,5.20094323391594
190,HAZARIBAGH,Jharkhand,23.94324197396964,85.49441312364429,Sugarcane,18.898019069255128
191,JAMTARA,Jharkhand,23.97873318077801,86.95325080091534,Onion,8.828803972961786
192,KODERMA,Jharkhand,24.556719434628963,85.7169091872792,Sugarcane,43.2285484550293
193,LATEHAR,Jharkhand,23.72511185840708,84.48298743362837,Potato,7.296268404155094
194,LOHARDAGA,Jharkhand,23.488796043165483,84.6605169064748,Sugarcane,44.7880565182618
195,PAKUR,Jharkhand,24.57260428082189,87.69691969178076,Sugarcane,43.24324324324324
196,PALAMU,Jharkhand,24.196925968109337,84.20310842824594,Sugarcane,42.00275839010323
197,RANCHI,Jharkhand,23.184235061391547,85.31781937244203,Potato,7.336459147520781
198,SAHEBGANJ,Jharkhand,24.93667989690721,87.68264097938142,Potato,11.022676496872208
199,SARAIKELA KHARSAWAN,Jharkhand,22.85591392111368,85.89614918793507,Potato,7.171694167822611
200,SIMDEGA,Jharkhand,22.608760391198054,84.59193691931536,Potato,6.071342114631542
201,BAGALKOT,Karnataka,16.15860676328503,75.64526070853468,Sugarcane,97.16992420569095
202,BANGALORE RURAL,Karnataka,12.936827087794448,77.47369314775169,Sugarcane,92.41353223228556
203,BENGALURU URBAN,Karnataka,12.901924930747915,77.58685595567866,Sugarcane,93.43200836820084
204,BELGAUM,Karnataka,16.16107219152853,74.72329042357275,Sugarcane,87.35108536806793
205,BELLARY,Karnataka,15.074377548209377,76.47228471074374,Sugarcane,89.50978043912176
206,BIDAR,Karnataka,17.950361730769224,77.19459961538459,Sugarcane,67.61235618684427
207,BIJAPUR,Karnataka,16.84015316666667,75.95909166666665,Sugarcane,76.85889718635987
208,CHAMARAJANAGAR,Karnataka,11.952479999999998,77.02384959999996,Sugarcane,100.13355115796395
209,CHIKMAGALUR,Karnataka,13.425288289676422,75.67626502311249,Sugarcane,82.67432932887725
210,CHITRADURGA,Karnataka,14.29102220394736,76.57821957236843,Sugarcane,94.72795273115847
211,DAKSHIN KANNAD,Karnataka,12.891204548174732,74.96216277678026,Sugarcane,89.97936798119613
212,DAVANGERE,Karnataka,14.330414586709884,75.91723841166937,Sugarcane,104.24711087631249
213,DHARWAD,Karnataka,15.343831376975173,75.13831264108359,Sugarcane,66.78546637380326
214,GADAG,Karnataka,15.507128256880746,75.64861302752298,Sugarcane,92.3530866302865
215,GULBARGA,Karnataka,17.070459515951594,76.87503850385033,Sugarcane,61.653401758948604
216,HASSAN,Karnataka,12.945098749999998,76.11049549999997,Sugarcane,102.10680773054933
217,HAVERI,Karnataka,14.737582809224318,75.3961230607966,Sugarcane,86.27345499057773
218,KODAGU,Karnataka,12.39684468085106,75.79336595744688,Sugarcane,94.0
219,KOLAR,Karnataka,13.312799881235172,78.01376947743476,Sugarcane,95.17528655297735
220,KOPPAL,Karnataka,15.651253271028034,76.1617048598131,Sugarcane,88.60849373663306
221,MANDYA,Karnataka,12.574901806239744,76.81570098522172,Sugarcane,119.86255108466163
222,MYSORE,Karnataka,12.248100259403367,76.52881802853437,Sugarcane,106.99899205539313
223,RAICHUR,Karnataka,16.050795353982295,76.87368606194688,Sugarcane,91.3118574366004
224,SHIMOGA,Karnataka,14.063845885634592,75.17882078103197,Sugarcane,113.54496222327892
225,TUMKUR,Karnataka,13.592467760074973,77.02297966260545,Sugarcane,93.18792259267894
226,UDUPI,Karnataka,13.450404228534568,74.72009990316337,Sugarcane,87.83834095362508
227,UTTAR KANNAD,Karnataka,14.538957976244202,74.35229081341113,Sugarcane,81.3073983073983
228,ALAPPUZHA,Kerala,9.542602965599087,76.38010796263319,Coconut ,5349.394022029876
229,ERNAKULAM,Kerala,10.004879301987431,76.26957729035381,Coconut ,5153.614694812554
230,IDUKKI,Kerala,9.80480963855423,77.04586641566264,Coconut ,3900.8417804893706
231,KANNUR,Kerala,11.941523076923056,75.35209891725934,Coconut ,5917.192519811863
232,KASARAGOD,Kerala,12.33310309912974,75.07768497134369,Coconut ,7621.912852175824
233,KOLLAM,Kerala,8.929388820570157,76.6360775852431,Coconut ,6012.371564556459
234,KOTTAYAM,Kerala,9.643701174068417,76.46059673302705,Coconut ,4661.012018226914
235,KOZHIKODE,Kerala,11.392924270557026,75.71158720159153,Coconut ,6692.428947597335
236,MALAPPURAM,Kerala,10.97329875666072,75.93910775606876,Coconut ,7464.101711673771
237,PALAKKAD,Kerala,10.784926903553291,76.49980490693744,Coconut ,6327.739323031586
238,PATHANAMTHITTA,Kerala,9.291312393162404,76.86412329059833,Coconut ,5597.976792417842
239,THIRUVANANTHAPURAM,Kerala,8.537101759082221,76.88711502868073,Coconut ,6849.148687681515
240,THRISSUR,Kerala,10.458932647907687,76.12321940836945,Coconut ,6585.341238181073
241,WAYANAD,Kerala,11.715277464788736,76.07587007042254,Coconut ,3941.6485389105133
242,ANUPPUR,Madhya Pradesh,23.18184220430107,81.86560000000007,Sugarcane,26.71232876712329
243,ASHOKNAGAR,Madhya Pradesh,24.63098846153845,77.82974493927134,Papaya,40.63636363636363
244,BALAGHAT,Madhya Pradesh,21.80020720640569,80.42170053380796,Sugarcane,39.880195599022
245,BARWANI,Madhya Pradesh,21.702135714285724,74.91004719710673,Papaya,34.65625
246,BETUL,Madhya Pradesh,21.964626315789477,77.7873428189117,Sugarcane,42.573379407968694
247,BHIND,Madhya Pradesh,26.35951126187245,78.7618324287653,Papaya,27.0
248,BHOPAL,Madhya Pradesh,23.480726143790854,77.39246623093679,Sugarcane,20.9476101022751
249,BURHANPUR,Madhya Pradesh,21.364567254408065,76.24460478589425,Sugarcane,56.18292974486834
250,CHHATARPUR,Madhya Pradesh,24.813637376460004,79.56449299191374,Sugarcane,20.6000789577576
251,CHHINDWARA,Madhya Pradesh,22.227966971713823,78.76413136439254,Banana,57.529411764705884
252,DAMOH,Madhya Pradesh,23.76624407960196,79.47049303482588,Sugarcane,24.353205849268843
253,DATIA,Madhya Pradesh,25.90226439560441,78.63916571428574,Sugarcane,33.911682760199994
254,DEWAS,Madhya Pradesh,22.7851110021322,76.46088805970157,Papaya,29.6
255,DHAR,Madhya Pradesh,22.572681718963157,75.1105620736698,Banana,37.882875264270616
256,DINDORI,Madhya Pradesh,22.83738437047757,81.04332966714911,Onion,13.965579710144928
257,EAST DISTRICT,Madhya Pradesh,22.09898560070669,76.55805503533558,Potato,4.975935828877005
258,GUNA,Madhya Pradesh,24.49043927178156,77.2235895968791,Papaya,42.0
259,GWALIOR,Madhya Pradesh,26.04074441964285,78.12782433035713,Sugarcane,35.06657138558748
260,HARDA,Madhya Pradesh,22.227659781121783,77.07022571819435,Papaya,40.125
261,HOSHANGABAD,Madhya Pradesh,22.595268801996703,78.02168094841929,Papaya,41.657534246575345
262,INDORE,Madhya Pradesh,22.680265752128648,75.9133801324502,Papaya,46.5
263,JABALPUR,Madhya Pradesh,23.18525572327043,79.98328754716981,Papaya,49.5
264,JHABUA,Madhya Pradesh,22.419578015397768,74.40921616766468,Papaya,39.27777777777778
265,KATNI,Madhya Pradesh,23.724416229116937,80.33819665871127,Banana,71.08108108108108
266,MANDLA,Madhya Pradesh,22.70348712446353,80.38600543633753,Sugarcane,22.150231049061055
267,MANDSAUR,Madhya Pradesh,24.19278764044944,75.43588667736759,Papaya,36.470588235294116
268,MORENA,Madhya Pradesh,26.37313504531724,77.88447341389724,Sugarcane,37.60279383029144
269,NARSINGHPUR,Madhya Pradesh,22.951344683026598,79.002024233129,Sugarcane,46.39191766381537
270,NEEMUCH,Madhya Pradesh,24.70311893333336,75.06608186666664,Sugarcane,38.99159663865546
271,PANNA,Madhya Pradesh,24.451325840092657,80.21133001158752,Banana,25.294117647058822
272,RAISEN,Madhya Pradesh,23.292518206521724,78.16305495923909,Sugarcane,15.754706714550005
273,RAJGARH,Madhya Pradesh,23.785499026425583,76.66431223922116,Papaya,25.34375
274,RATLAM,Madhya Pradesh,23.503562290502792,75.14895782122909,Papaya,56.361111111111114
275,REWA,Madhya Pradesh,24.861184625158856,81.57572465057183,Sugarcane,26.386687797147385
276,SAGAR,Madhya Pradesh,23.800318709677374,78.71940357771273,Papaya,27.0
277,SATNA,Madhya Pradesh,24.62777621776502,80.75547048710598,Papaya,23.92452830188679
278,SEHORE,Madhya Pradesh,22.9297199679658,77.06780202883085,Sugarcane,40.01013171225937
279,SEONI,Madhya Pradesh,22.33230487804874,79.66053863928111,Sugarcane,29.305387612521834
280,SHAHDOL,Madhya Pradesh,23.44859864559819,81.4596831828442,Sugarcane,24.350649350649352
281,SHAJAPUR,Madhya Pradesh,23.566620317220547,76.33555181268885,Papaya,52.07692307692308
282,SHEOPUR,Madhya Pradesh,25.78014810996563,77.16911116838484,Sugarcane,39.30390492359932
283,SHIVPURI,Madhya Pradesh,25.37802451874367,77.74861600810549,Sugarcane,21.831491712707184
284,SIDHI,Madhya Pradesh,24.17547189952905,82.1053783359498,Sugarcane,23.079019073569484
285,TIKAMGARH,Madhya Pradesh,25.14099852104666,78.89357064846428,Sugarcane,40.82256675279931
286,UJJAIN,Madhya Pradesh,23.319288862745065,75.80383717647058,Papaya,29.85185185185185
287,UMARIA,Madhya Pradesh,23.59601063063061,80.90879477477475,Sugarcane,20.555555555555557
288,VIDISHA,Madhya Pradesh,23.82838307984792,77.9013507604563,Papaya,61.54545454545455
289,WEST DISTRICT,Madhya Pradesh,22.027140000000017,75.87343742489269,Other Vegetables,4.338557993730408
290,AHMEDNAGAR,Maharashtra,19.21759903201788,74.69220260610572,Banana,111.7
291,AKOLA,Maharashtra,20.746310479041902,77.12122320359276,Sugarcane,69.77147213281383
292,AMRAVATI,Maharashtra,21.16520991810736,77.67583503184723,Banana,69.975
293,BHANDARA,Maharashtra,21.211792649727748,80.10950199637024,Sugarcane,61.67688567762847
294,BULDHANA,Maharashtra,20.56680611183355,76.39017880364096,Sugarcane,68.4823662496673
295,CHANDRAPUR,Maharashtra,20.095609090909075,79.31556380471388,Sugarcane,90.0
296,DHULE,Maharashtra,21.274018690400517,74.58719071837263,Banana,97.4
297,GADCHIROLI,Maharashtra,19.79554609665428,80.30965563816602,Sugarcane,99.0
298,GONDIA,Maharashtra,21.225008411214997,80.17522698598128,Sugarcane,59.273418854415276
299,HINGOLI,Maharashtra,19.59525302245251,77.09239412780653,Sugarcane,65.85882063025538
300,JALGAON,Maharashtra,20.8828943415638,75.55140421810695,Sugarcane,67.01154736696286
301,JALNA,Maharashtra,19.984612534818933,75.98473607242339,Sugarcane,69.11673463033674
302,KOLHAPUR,Maharashtra,16.44881301587301,74.12897150793648,Sugarcane,89.19037080196229
303,LATUR,Maharashtra,18.348687268993856,76.75812607802874,Banana,64.3
304,NAGPUR,Maharashtra,21.196556862745105,79.02166176470584,Sugarcane,65.41305648124413
305,NANDED,Maharashtra,19.209316983017,77.6829048951049,Sugarcane,66.33149070792344
306,NANDURBAR,Maharashtra,21.523175625248147,74.32638757443429,Sugarcane,72.09836713519923
307,NASHIK,Maharashtra,20.266912871287143,74.03824168316828,Sugarcane,70.99047227564338
308,OSMANABAD,Maharashtra,18.19459456066944,75.99495575313809,Banana,75.1
309,PARBHANI,Maharashtra,19.31032425249168,76.70163338870431,Sugarcane,71.49719693749032
310,PUNE,Maharashtra,18.51696171428573,74.12922881632647,Sugarcane,95.9786686965701
311,RATNAGIRI,Maharashtra,17.210195070127703,73.25725893866404,Banana,23.3
312,SANGLI,Maharashtra,17.154930181086502,74.70713822937628,Sugarcane,98.87026345694935
313,SATARA,Maharashtra,17.6737908974359,74.18052064102558,Sugarcane,92.74655224161525
314,SINDHUDURG,Maharashtra,16.170948049777163,73.51329008172343,Sugarcane,87.9090909090909
315,SOLAPUR,Maharashtra,17.837357937584812,75.42394823609216,Sugarcane,83.62261451724459
316,THANE,Maharashtra,19.698767747440264,72.79882742564581,Banana,23.34
317,WARDHA,Maharashtra,20.80743024390242,78.57259105691062,Sugarcane,64.33063997139793
318,WASHIM,Maharashtra,20.282282394366213,77.25502394366208,Banana,137.4
319,YAVATMAL,Maharashtra,20.04258346738159,78.05326371760479,Sugarcane,71.20466121142243
320,BISHNUPUR,Manipur,24.50712111801243,93.8246236024845,Sugarcane,32.45222327341533
321,CHANDEL,Manipur,24.2635812987013,94.09443844155844,Sugarcane,32.65979381443299
322,CHURACHANDPUR,Manipur,24.30309718875504,93.38671506024085,Sugarcane,32.66197183098591
323,SENAPATI,Manipur,25.08465586034914,94.03366234413956,Banana,12.475666074600355
324,TAMENGLONG,Manipur,24.98312942238265,93.49450740072204,Sugarcane,32.666666666666664
325,THOUBAL,Manipur,24.545392553191498,93.97959893617023,Sugarcane,32.75
326,UKHRUL,Manipur,25.05900314960629,94.44129566929138,Banana,12.784907300115876
327,EAST GARO HILLS,Meghalaya,25.82728228228228,90.64684924924916,Pineapple,16.949745906267644
328,EAST KHASI HILLS,Meghalaya,25.303763888888884,91.75922519841272,Banana,11.612583067230517
329,EAST JAINTIA HILLS,Meghalaya,25.33959557069844,92.37608160136298,Tapioca,12.69767441860465
330,RI BHOI,Meghalaya,25.89706600441498,91.8451615894039,Banana,17.110886075949367
331,SOUTH GARO HILLS,Meghalaya,25.240568578553614,90.64560349127176,Banana,10.889522058823529
332,WEST GARO HILLS,Meghalaya,25.495285185185185,90.03709947089942,Banana,12.24430517506661
333,WEST KHASI HILLS,Meghalaya,25.500889926739926,91.25364542124538,Potato,8.08062645596555
334,AIZAWL,Mizoram,23.90781335453101,92.85359459459472,Tapioca,12.574759945130316
335,CHAMPHAI,Mizoram,23.54166580976866,93.24221799485862,Sugarcane,17.63302752293578
336,KOLASIB,Mizoram,24.2020004347826,92.73470391304348,Sugarcane,19.11204481792717
337,LAWNGTLAI,Mizoram,22.36102843137253,92.66964156862753,Sugarcane,5.287128712871287
338,LUNGLEI,Mizoram,23.007717036172675,92.63512555425892,Tapioca,6.797872340425532
339,MAMIT,Mizoram,23.73852942502819,92.4330803833147,Sugarcane,10.491566265060241
340,SAIHA,Mizoram,22.35744801061008,93.02827931034489,Sugarcane,9.061538461538461
341,SERCHHIP,Mizoram,23.263864705882344,92.914158496732,Sugarcane,14.905547226386807
342,DIMAPUR,Nagaland,25.814176811594223,93.75074057971014,Sugarcane,54.93746381007527
343,KOHIMA,Nagaland,25.60311428571428,93.78600657596373,Sugarcane,41.39349112426036
344,MOKOKCHUNG,Nagaland,26.478911764705888,94.522426006192,Sugarcane,37.40384615384615
345,MON,Nagaland,26.69207374301676,95.03072988826828,Sugarcane,42.171581769437
346,PHEK,Nagaland,25.63272986577182,94.56814563758392,Sugarcane,39.80203045685279
347,TUENSANG,Nagaland,26.21104453280316,94.85809880715708,Sugarcane,40.967592592592595
348,WOKHA,Nagaland,26.202611551155112,94.1990815181518,Sugarcane,36.8339222614841
349,ZUNHEBOTO,Nagaland,26.028178205128206,94.50026666666668,Sugarcane,35.50231481481482
350,ANUGUL,Orissa,21.12070619765495,84.99839212730328,Sugarcane,56.53563843563845
351,BALESHWAR,Orissa,21.48570932311624,87.08085828011933,Sugarcane,45.78717114986699
352,BARGARH,Orissa,21.13240637931036,83.26444499999991,Sugarcane,70.20279703122125
353,BHADRAK,Orissa,20.95262735257214,86.81496204516931,Sugarcane,64.69864505202034
354,BALANGIR,Orissa,20.616300298507447,83.21520059701498,Sugarcane,66.82285884972573
355,BOUDH,Orissa,20.58319074074073,84.12363306878305,Sugarcane,50.52732778198334
356,CUTTACK,Orissa,20.407640646029623,85.7776810228802,Sugarcane,55.26650267875542
357,DEOGARH,Orissa,21.43146201550388,84.81452480620162,Sugarcane,52.349797160243405
358,DHENKANAL,Orissa,20.79887159353349,85.53226836027711,Sugarcane,61.18846641318123
359,GAJAPATI,Orissa,19.121080882352945,84.14015091911759,Sugarcane,60.79205708966801
360,GANJAM,Orissa,19.2632617564534,84.80297710437702,Sugarcane,71.97589376915221
361,JAGATSINGHAPUR,Orissa,20.114443183609136,86.43265258733919,Sugarcane,63.47892505677517
362,JAJAPUR,Orissa,20.853249094202905,86.15277300724634,Sugarcane,44.76146830825354
363,JHARSUGUDA,Orissa,21.827058566978184,83.93581682242987,Sugarcane,73.53235294117648
364,KALAHANDI,Orissa,19.784253092783523,83.1124043814433,Sugarcane,58.46051783412118
365,KANDHAMAL,Orissa,20.092878624813142,84.02216352765326,Sugarcane,42.12441860465116
366,KENDRAPARA,Orissa,20.606319815982264,86.83763247572003,Sugarcane,58.64488778054864
367,KENDUJHAR,Orissa,21.492257402597374,85.76276987012994,Sugarcane,44.642917103882475
368,KHORDHA,Orissa,20.054162322274863,85.52234834123229,Sugarcane,56.259875837281484
369,KORAPUT,Orissa,18.82627794779476,82.81278469846964,Sugarcane,78.21551750075217
370,MALKANGIRI,Orissa,18.25227930367506,81.98293636363628,Sugarcane,60.48216216216217
371,MAYURBHANJ,Orissa,21.897621545157754,86.4030408052231,Sugarcane,48.19686411149825
372,NABARANGPUR,Orissa,19.513047166921904,82.42041960183768,Sugarcane,42.58817889539557
373,NAYAGARH,Orissa,20.192895622119817,85.05614700460825,Sugarcane,63.100329143449535
374,NUAPADA,Orissa,20.471309512195116,82.59152536585364,Sugarcane,45.36211453744494
375,PURI,Orissa,19.83509174603177,85.86698989898981,Sugarcane,58.43404094010613
376,RAYAGADA,Orissa,19.292840020060204,83.45860120361095,Sugarcane,46.47943037974682
377,SAMBALPUR,Orissa,21.515752380952385,84.34958483245157,Sugarcane,57.12712066905614
378,SONEPUR,Orissa,20.89080329341317,83.76852634730537,Sugarcane,64.74324922532095
379,SUNDARGARH,Orissa,22.06354819277107,84.50524819277099,Sugarcane,66.88746041798606
380,KARAIKAL,Puducherry,10.876161726078813,79.82369793621002,Coconut ,10256.30386211299
381,MAHE,Puducherry,12.006420793787758,75.28275021570326,Coconut ,9375.367075487995
382,PONDICHERRY,Puducherry,11.887806269592494,79.7971096133752,Coconut ,13566.318327974277
383,YANAM,Puducherry,16.707695652173904,82.26187304347832,Coconut ,12572.032954798486
384,AMRITSAR,Punjab,31.548679820627772,74.79883856502238,Sugarcane,65.90558534358834
385,BATHINDA,Punjab,30.190524611973352,75.05685898004438,Sugarcane,60.0
386,FARIDKOT,Punjab,30.591187250996025,74.79751553784862,Sugarcane,64.45454545454545
387,FATEHGARH SAHIB,Punjab,30.64290947368421,76.36208394736842,Sugarcane,73.7135524976771
388,FIROZEPUR,Punjab,30.63407535211269,74.40245732394365,Sugarcane,62.741679873217116
389,GURDASPUR,Punjab,32.04283371212125,75.3204064393939,Sugarcane,72.85011293965795
390,HOSHIARPUR,Punjab,31.55157169811319,75.8469857442349,Sugarcane,66.21136502933193
391,JALANDHAR,Punjab,31.250336907216507,75.54400350515463,Sugarcane,64.34001864192912
392,KAPURTHALA,Punjab,31.336592638036837,75.47641165644177,Sugarcane,65.75571959583267
393,LUDHIANA,Punjab,30.76596397379912,75.83110851528383,Sugarcane,67.91648336773713
394,MANSA,Punjab,29.919547714285724,75.4304922857143,Sugarcane,60.0
395,MOGA,Punjab,30.756540067340065,75.1600845117845,Sugarcane,61.25
396,MUKTSAR,Punjab,30.31243303303303,74.5518747747748,Sugarcane,63.827586206896555
397,NAWANSHAHR,Punjab,31.133445454545438,76.1019243636364,Sugarcane,61.41525558120276
398,PATIALA,Punjab,30.214540380693364,76.27505893949697,Sugarcane,75.820801511692
399,RUPNAGAR,Punjab,30.910937330754347,76.53743500967126,Sugarcane,59.577178707498526
400,SANGRUR,Punjab,30.185045204336895,75.89437014178496,Sugarcane,76.05469320227726
401,AJMER,Rajasthan,26.199300378787903,74.6990419191919,Sugarcane,53.81071428571428
402,ALWAR,Rajasthan,27.55271738035265,76.65359630562563,Sugarcane,46.12348178137652
403,BANSWARA,Rajasthan,23.453642032967014,74.44246868131869,Sugarcane,49.1968199398367
404,BARAN,Rajasthan,24.98023243243244,76.86210651828291,Sugarcane,57.153554502369666
405,BARMER,Rajasthan,25.77070908045978,71.50297126436782,Barley,2.3692307692307693
406,BHARATPUR,Rajasthan,27.32411858037578,77.21752077244258,Sugarcane,47.00266429840142
407,BHILWARA,Rajasthan,25.45119767759564,74.63947595628417,Sugarcane,43.88335179032853
408,BIKANER,Rajasthan,28.12489068322981,73.26943322981371,Sugarcane,38.311284046692606
409,BUNDI,Rajasthan,25.48580716049379,75.79984074074079,Sugarcane,44.34040613492546
410,CHITTORGARH,Rajasthan,24.631623761665463,74.80010997846382,Sugarcane,56.45900880037054
411,CHURU,Rajasthan,28.29330375536484,74.65846427038629,Tobacco,3.4347826086956523
412,DAUSA,Rajasthan,26.91234817629181,76.57342097264443,Sugarcane,48.31884057971015
413,DHOLPUR,Rajasthan,26.72397054945053,77.74476219780222,Sugarcane,62.02751375687844
414,DUNGARPUR,Rajasthan,23.75104807692308,73.84765641025645,Sugarcane,47.75991522858008
415,GANGANAGAR,Rajasthan,29.256785412667963,73.56192303262948,Sugarcane,55.883184606804235
416,HANUMANGARH,Rajasthan,29.1813351791531,74.74632573289902,Sugarcane,48.193661971830984
417,JAIPUR,Rajasthan,27.033459290187885,75.77117286012533,Sugarcane,50.112977099236645
418,JAISALMER,Rajasthan,26.86900838548185,71.18371877346682,Sugarcane,48.3
419,JALORE,Rajasthan,25.07578093797277,72.18647261724662,Papaya,7.8125
420,JHALAWAR,Rajasthan,24.24725541474657,76.11242891705065,Sugarcane,55.08006279434851
421,JHUNJHUNU,Rajasthan,28.13517401247401,75.52840893970894,Sugarcane,44.25
422,JODHPUR,Rajasthan,26.678460838536967,73.00450847457628,Sugarcane,45.0
423,KARAULI,Rajasthan,26.51901555555556,76.96081818181815,Sugarcane,64.29382183908046
424,KOTA,Rajasthan,25.175718080000014,76.18618928000001,Sugarcane,53.23887587822014
425,NAGAUR,Rajasthan,27.07862016048146,74.14215667001012,Sugarcane,51.714285714285715
426,PALI,Rajasthan,25.80490393541874,73.55285640766907,Sugarcane,46.0
427,RAJSAMAND,Rajasthan,25.24894767441859,73.96570215946844,Sugarcane,44.90988372093023
428,SAWAI MADHOPUR,Rajasthan,26.251081180223288,76.4219283891548,Sugarcane,74.22095671981776
429,SIKAR,Rajasthan,27.64644058641976,75.29317422839503,Sugarcane,50.59672131147541
430,SIROHI,Rajasthan,24.7976905263158,72.75309131578943,Sugarcane,60.05882352941177
431,TONK,Rajasthan,26.153935071707927,75.79192216427637,Sugarcane,55.40149253731343
432,UDAIPUR,Rajasthan,24.44076752136749,73.84029839743584,Sugarcane,52.551681752151076
433,ARIYALUR,Tamil Nadu,11.190514836795256,79.22249643916912,Coconut ,3249.2075471698113
434,COIMBATORE,Tamil Nadu,10.871376995940452,77.07619012178621,Coconut ,2650.0931419089407
435,CUDDALORE,Tamil Nadu,11.57587300613498,79.63002365371497,Coconut ,2375.2515753370026
436,DHARMAPURI,Tamil Nadu,12.300141200000006,78.11509813333339,Coconut ,1515.057463821161
437,DINDIGUL,Tamil Nadu,10.377801390820574,77.78011279554937,Coconut ,2830.8349668530823
438,ERODE,Tamil Nadu,11.267012155963302,77.42034334862392,Coconut ,1987.4552602070248
439,KANCHIPURAM,Tamil Nadu,12.496424756511884,80.08820360135913,Coconut ,1601.020005837247
440,KANNIYAKUMARI,Tamil Nadu,8.183466300191206,77.32053064053538,Coconut ,1854.590072734016
441,KARUR,Tamil Nadu,10.79532776617955,78.08749686847604,Coconut ,1614.0419872963482
442,MADURAI,Tamil Nadu,9.904313833333331,78.01366033333332,Coconut ,3173.9047171230814
443,NAGAPATTINAM,Tamil Nadu,10.789468161718286,79.79437299431483,Coconut ,2543.5723781946367
444,NAMAKKAL,Tamil Nadu,11.33766638477801,78.14624841437633,Coconut ,3423.378914815856
445,THE NILGIRIS,Tamil Nadu,11.442361661341858,76.6614642172524,Coconut ,332.56528925619835
446,PERAMBALUR,Tamil Nadu,11.260137758112096,78.86034011799416,Coconut ,1595.599507325295
447,PUDUKKOTTAI,Tamil Nadu,10.130514816433578,79.05444484265728,Coconut ,3775.447956995652
448,RAMANATHAPURAM,Tamil Nadu,9.31286995153476,78.99185362412462,Coconut ,1445.0975163960863
449,SALEM,Tamil Nadu,11.629324202127655,78.2478257978723,Coconut ,1902.2333905071264
450,SIVAGANGA,Tamil Nadu,9.960306580645158,78.56535729032255,Coconut ,2366.858069420632
451,THANJAVUR,Tamil Nadu,10.387692255892237,79.3194869107745,Coconut ,4778.431785823862
452,THENI,Tamil Nadu,9.924066666666668,77.43458833333332,Coconut ,3893.472447360004
453,THIRUVALLUR,Tamil Nadu,13.275858101752885,80.19724702864492,Coconut ,1552.935245545415
454,THIRUVARUR,Tamil Nadu,10.368927409395978,79.60322893959727,Coconut ,3445.825098852915
455,TIRUCHIRAPPALLI,Tamil Nadu,10.837841323210409,78.54729002169196,Coconut ,2176.879348746745
456,TIRUNELVELI,Tamil Nadu,8.45743070382616,77.70549636277762,Coconut ,1848.568728765572
457,TIRUVANNAMALAI,Tamil Nadu,12.419318947368414,79.23265631578953,Coconut ,2179.3515386422364
458,VELLORE,Tamil Nadu,12.784882632293078,79.02643283582084,Coconut ,2444.4878775398133
459,VILLUPURAM,Tamil Nadu,12.065571352676752,79.6898910093992,Coconut ,1899.7875439726502
460,VIRUDHUNAGAR,Tamil Nadu,9.468872195892564,77.87641469194315,Coconut ,2739.8247826183647
461,DHALAI,Tripura,23.781360477941163,91.94654283088232,Sugarcane,47.2662490211433
462,NORTH TRIPURA,Tripura,24.121739755351683,92.17842538226292,Sugarcane,51.49322493224932
463,SOUTH TRIPURA,Tripura,23.211874098057383,91.6065807585568,Sugarcane,49.431553471486914
464,WEST TRIPURA,Tripura,23.780166241299337,91.41310788863107,Sugarcane,50.738313008130085
465,AGRA,Uttar Pradesh,26.99512974910393,78.05278291517321,Sugarcane,48.45886421550782
466,ALIGARH,Uttar Pradesh,27.93748576850093,78.00146831119557,Sugarcane,58.66216112433761
467,ALLAHABAD,Uttar Pradesh,25.392038662316445,82.05172446982063,Sugarcane,51.064436851885155
468,AMBEDKAR NAGAR,Uttar Pradesh,26.39119025974028,82.68282142857147,Sugarcane,53.22608934101858
469,AURAIYA,Uttar Pradesh,26.66892394014961,79.42637057356607,Sugarcane,55.7824919724167
470,AZAMGARH,Uttar Pradesh,26.008290954773837,83.01220251256285,Sugarcane,45.39695895431786
471,BUDAUN,Uttar Pradesh,28.085956727272716,78.99710800000005,Sugarcane,61.59612699064857
472,BAGHPAT,Uttar Pradesh,29.045793499999988,77.30266300000001,Sugarcane,68.15961224708914
473,BAHRAICH,Uttar Pradesh,27.691776300578027,81.46779783237004,Sugarcane,52.494517103994376
474,BALLIA,Uttar Pradesh,25.86075638297873,84.03651978723408,Banana,44.01923076923077
475,BALRAMPUR,Uttar Pradesh,27.449076537911324,82.47158326180256,Sugarcane,50.060998837617284
476,BANDA,Uttar Pradesh,25.351885902503284,80.52487391304344,Sugarcane,38.714824230735516
477,BARABANKI,Uttar Pradesh,26.922777025232424,81.35762350597606,Sugarcane,53.17075823237795
478,BAREILLY,Uttar Pradesh,28.51101940789474,79.43187072368416,Sugarcane,57.96602982162765
479,BASTI,Uttar Pradesh,26.833880454545447,82.69790590909092,Sugarcane,54.255017670802715
480,BIJNOR,Uttar Pradesh,29.313974259681096,78.45098815489754,Sugarcane,60.32880789909178
481,BULANDSHAHR,Uttar Pradesh,28.34875862068968,78.01082758620684,Sugarcane,59.77188504505454
482,CHANDAULI,Uttar Pradesh,25.1180859611231,83.25307062634984,Sugarcane,42.8430028230685
483,CHITRAKOOT,Uttar Pradesh,25.159924623803,81.07666087551297,Sugarcane,42.69185857930587
484,DEORIA,Uttar Pradesh,26.42218856548857,83.8244070686071,Sugarcane,50.029669052155114
485,ETAH,Uttar Pradesh,27.591155309734443,78.70021858407083,Sugarcane,51.35143435153459
486,ETAWAH,Uttar Pradesh,26.78817670157068,79.07621806282728,Sugarcane,51.385458531238584
487,FAIZABAD,Uttar Pradesh,26.60589185185181,82.00783530864202,Sugarcane,54.73677273983377
488,FARRUKHABAD,Uttar Pradesh,27.45063297872342,79.4406284574468,Sugarcane,56.28144742837324
489,FATEHPUR,Uttar Pradesh,25.8374362030905,80.85416203090509,Sugarcane,52.53701118283732
490,FIROZABAD,Uttar Pradesh,27.20963993055552,78.42660624999998,Sugarcane,46.4918228958915
491,GAUTAM BUDDHA NAGAR,Uttar Pradesh,28.393311038961038,77.52462467532465,Sugarcane,63.61823655232512
492,GHAZIABAD,Uttar Pradesh,28.74997308584685,77.67441879350343,Sugarcane,60.82076428117552
493,GHAZIPUR,Uttar Pradesh,25.624724775583484,83.5360854578097,Sugarcane,42.95481270278242
494,GONDA,Uttar Pradesh,27.157215552099505,82.0226888024882,Sugarcane,51.01189065137513
495,GORAKHPUR,Uttar Pradesh,26.63315886792452,83.3549560377358,Sugarcane,55.456954810693446
496,HARDOI,Uttar Pradesh,27.337409090909137,80.26411767676768,Sugarcane,52.649796435753515
497,HATHRAS,Uttar Pradesh,27.57814661246612,78.18251084010846,Sugarcane,54.50100153175445
498,JALAUN,Uttar Pradesh,26.067954587155988,79.36686911314993,Banana,41.0
499,JAUNPUR,Uttar Pradesh,25.70141280913127,82.54315351934063,Sugarcane,50.16367438588376
500,JHANSI,Uttar Pradesh,25.45581535234902,78.89954580536917,Sugarcane,41.30614300100705
501,KANNAUJ,Uttar Pradesh,26.993988617886185,79.64437940379408,Sugarcane,52.22833518842423
502,KANPUR DEHAT,Uttar Pradesh,26.43047641196011,79.98710083056478,Sugarcane,49.09207229301061
503,HAPUR,Uttar Pradesh,26.3704693548387,80.29251572580651,Sugarcane,65.92364189947118
504,KAUSHAMBI,Uttar Pradesh,25.53587532051282,81.41811282051287,Sugarcane,44.641249034183254
505,KUSHI NAGAR,Uttar Pradesh,26.892530675909864,83.92261542461007,Sugarcane,53.105564995913404
506,LALITPUR,Uttar Pradesh,24.58877161016945,78.60082330508473,Sugarcane,41.37117750439367
507,LUCKNOW,Uttar Pradesh,26.838233589251463,80.89706026871404,Sugarcane,53.18869888475837
508,MAHARAJGANJ,Uttar Pradesh,27.177099107142883,83.46127857142869,Sugarcane,55.71469298245614
509,MAHOBA,Uttar Pradesh,25.34529670138888,79.67863003472216,Sugarcane,41.35705603889458
510,MAINPURI,Uttar Pradesh,27.17386862302482,79.03501851015807,Sugarcane,51.007037126910944
511,MATHURA,Uttar Pradesh,27.59390432801821,77.62153416856502,Sugarcane,50.056766345666496
512,MAU,Uttar Pradesh,26.01082203791469,83.50582654028433,Sugarcane,44.14094157670201
513,MEERUT,Uttar Pradesh,29.02957625698323,77.80611005586593,Sugarcane,66.33923890019085
514,MIRZAPUR,Uttar Pradesh,25.10207959183675,82.60126628571429,Sugarcane,50.8504165578101
515,MORADABAD,Uttar Pradesh,28.851770406189537,78.73580193423597,Sugarcane,57.93756992888352
516,MUZAFFARNAGAR,Uttar Pradesh,29.470507977736563,77.64017847866423,Sugarcane,66.88593090421047
517,PILIBHIT,Uttar Pradesh,28.52024175035868,79.90103974175037,Sugarcane,60.56480852496589
518,PRATAPGARH,Uttar Pradesh,25.864842731707316,81.93530048780492,Sugarcane,48.946232699134455
519,RAE BARELI,Uttar Pradesh,26.253902840059787,81.22260463378181,Sugarcane,44.38295604364779
520,RAMPUR,Uttar Pradesh,28.83244727272725,79.10977333333337,Sugarcane,59.09447900179447
521,SAHARANPUR,Uttar Pradesh,30.03381165217392,77.59905147826095,Sugarcane,61.20668740014183
522,SANT KABEER NAGAR,Uttar Pradesh,26.791596516393444,83.0387764344262,Sugarcane,55.3897869367796
523,SANT RAVIDAS NAGAR,Uttar Pradesh,25.36457874306844,82.43494990757856,Sugarcane,44.214569420802235
524,SHAHJAHANPUR,Uttar Pradesh,27.991389350649328,79.8302275324675,Sugarcane,56.84032730183756
525,SHRAVASTI,Uttar Pradesh,27.60491787709497,81.79319776536313,Sugarcane,52.55809109725458
526,SIDDHARTH NAGAR,Uttar Pradesh,27.20738483920372,82.78664992343035,Sugarcane,54.12087524559606
527,SITAPUR,Uttar Pradesh,27.501995963091108,80.85288881199547,Sugarcane,54.847191001702996
528,SONBHADRA,Uttar Pradesh,24.46693268858798,83.06816324951639,Sugarcane,47.03154305200341
529,SULTANPUR,Uttar Pradesh,26.2846386419753,82.05710456790123,Sugarcane,49.898389672611124
530,UNNAO,Uttar Pradesh,26.63163990895297,80.636773292868,Sugarcane,49.685442710259636
531,VARANASI,Uttar Pradesh,25.36057088888889,82.82529666666672,Sugarcane,43.79623712798165
532,ALMORA,Uttaranchal,29.683532133676103,79.50165064267351,Potato,11.638583112969682
533,BAGESHWAR,Uttaranchal,29.98703393393397,79.83954354354357,Potato,12.196996996996997
534,CHAMOLI,Uttaranchal,30.58338611464965,79.56281095541402,Sugarcane,55.0
535,CHAMPAWAT,Uttaranchal,29.29142393939393,80.07720212121217,Sugarcane,59.898989898989896
536,DEHRADUN,Uttaranchal,30.533333414932727,77.90884124847,Sugarcane,58.89924379808348
537,HARIDWAR,Uttaranchal,29.886057657657645,77.92980067567574,Sugarcane,60.04080599356287
538,NAINITAL,Uttaranchal,29.336370528967223,79.4997911838791,Sugarcane,59.63331346924068
539,PAURI GARHWAL,Uttaranchal,29.97806755102041,78.77450163265311,Sugarcane,61.421052631578945
540,PITHORAGARH,Uttaranchal,30.14720631868129,80.34229230769236,Potato,11.647181790027872
541,RUDRA PRAYAG,Uttaranchal,30.55657755905512,79.09422047244097,Potato,11.788303381053915
542,TEHRI GARHWAL,Uttaranchal,30.463700918635173,78.48783792650917,Dry ginger,13.843023255813954
543,UDAM SINGH NAGAR,Uttaranchal,29.02779577677222,79.45629004524895,Sugarcane,59.64044183949504
544,UTTAR KASHI,Uttaranchal,30.968958552036234,78.56880615384617,Sugarcane,62.0
545,BANKURA,West Bengal,23.081280892857155,87.12640053571437,Coconut ,2426.384058544304
546,BARDHAMAN,West Bengal,23.444453888888884,87.8150581111111,Coconut ,2038.3525146095274
547,BIRBHUM,West Bengal,24.06389342723,87.65153089201888,Coconut ,4488.318442379917
548,DARJEELING,West Bengal,26.839619571045585,88.33145067024122,Coconut ,3062.4969222160044
549,HOWRAH,West Bengal,22.401674174428507,87.99421176968654,Coconut ,1795.3260148981362
550,JALPAIGURI,West Bengal,26.62642031250004,89.04154375000003,Coconut ,2032.1945888216446
551,COOCHBEHAR,West Bengal,26.25051611030475,89.30613826802143,Coconut ,2438.682325029656
552,MALDAH,West Bengal,25.08026802575105,88.17191684549356,Coconut ,2484.3011613691933
553,MURSHIDABAD,West Bengal,24.25950655391121,88.16816860465121,Coconut ,2335.914206406811
554,NADIA,West Bengal,23.56410971055088,88.58293034547152,Coconut ,2512.364362934363
555,24 PARAGANAS NORTH,West Bengal,22.06238845067688,88.87793960802345,Coconut ,3258.6201896766993
556,PURULIA,West Bengal,23.254192328767108,86.3968532876713,Coconut ,2477.7289628180038
557,24 PARAGANAS SOUTH,West Bengal,21.854427507266063,88.44536970827778,Coconut ,2244.8918277181874
